<?xml version="1.0" encoding="UTF-8" standalone="no"?>
<checklistTemplate>
	<chapters>
		<chapter elementID="chapter_1" internal="false" visibilityCondition="" reportViewSettingsEnabled="false" fontColor="151929" name="@localized">
			<safetyLabel elementID="safetyLabel1" reportViewSettingsEnabled="false" internal="false" visibilityCondition="" symbolLeft="M003" signalWord="caution" symbolRight="M004" title="@localized">@localized</safetyLabel>
			<attachment elementID="attachment1" internal="false" reportViewSettingsEnabled="false" visibilityCondition="" title="@localized" attachmentName="Product Documentation Example.pdf" attachmentID="af0d3d3c-c191-9551-04aa-c206745c6183"></attachment>
			<boolinput isPictureAllowed="false" elementID="boolinput1" required="true" internal="false" readOnly="false" reportViewSettingsEnabled="false" visibilityCondition="" title="@localized">false</boolinput>
		</chapter>
		<chapter elementID="chapter_2" internal="false" visibilityCondition="boolinput1 = true" reportViewSettingsEnabled="false" fontColor="151929" name="@localized">
			<label elementID="label1" internal="false" reportViewSettingsEnabled="false" style="Title" visibilityCondition="">@localized</label>
			<textinput elementID="textinput1" isPictureAllowed="false" required="true" internal="false" reportViewSettingsEnabled="false" readOnly="false" multiline="false" allowBarcode="true" visibilityCondition="" title="@localized"></textinput>
			<dropdown elementID="dropdown1" internal="false" visibilityCondition="" reportViewSettingsEnabled="false" fontColor="151929" readOnly="false" required="false" title="@localized" isPictureAllowed="false">
				<option elementID="dropdown1option1" internal="false" readOnly="false" visibilityCondition="" reportViewSettingsEnabled="false">@localized</option>
				<option elementID="dropdown1option2" internal="false" readOnly="false" visibilityCondition="" reportViewSettingsEnabled="false">@localized</option>
				<option elementID="dropdown1option3" internal="false" readOnly="false" visibilityCondition="" reportViewSettingsEnabled="false">@localized</option>
			</dropdown>
			<attachment elementID="attachment2" internal="false" reportViewSettingsEnabled="false" visibilityCondition="" title="@localized" attachmentName="Product Documentation Example2.pdf" attachmentID="79061404-ed05-7d24-699f-a620f22c3bea"></attachment>
			<chapter elementID="chapter_2_1" internal="false" visibilityCondition="" reportViewSettingsEnabled="false" fontColor="151929" name="@localized">
				<numberinput elementID="numberinput1" isPictureAllowed="false" internal="false" reportViewSettingsEnabled="false" readOnly="false" required="true" min="0" max="20" type="float" allowOutOfRangeValues="true" minDecimals="0" maxDecimals="2" visibilityCondition="" title="@localized"></numberinput>
				<numberinput elementID="numberinput4" isPictureAllowed="false" internal="false" reportViewSettingsEnabled="false" readOnly="false" required="true" min="0" max="20" type="float" allowOutOfRangeValues="true" minDecimals="0" maxDecimals="2" visibilityCondition="" title="@localized"></numberinput>
				<numberinput elementID="numberinput3" isPictureAllowed="false" internal="false" reportViewSettingsEnabled="false" readOnly="false" required="true" min="0" max="20" type="float" allowOutOfRangeValues="true" minDecimals="0" maxDecimals="2" visibilityCondition="" title="@localized"></numberinput>
				<numberinput elementID="numberinput2" isPictureAllowed="false" internal="false" reportViewSettingsEnabled="false" readOnly="false" required="true" min="0" max="20" type="float" allowOutOfRangeValues="true" minDecimals="0" maxDecimals="2" visibilityCondition="" title="@localized"></numberinput>
			</chapter>
			<chapter elementID="chapter_2_2" internal="false" visibilityCondition="" reportViewSettingsEnabled="false" fontColor="151929" name="@localized">
				<numberinput elementID="numberinput5" isPictureAllowed="false" internal="false" reportViewSettingsEnabled="false" readOnly="false" required="true" min="0" max="20" type="float" allowOutOfRangeValues="true" minDecimals="0" maxDecimals="2" visibilityCondition="" title="@localized"></numberinput>
				<numberinput elementID="numberinput8" isPictureAllowed="false" internal="false" reportViewSettingsEnabled="false" readOnly="false" required="true" min="0" max="20" type="float" allowOutOfRangeValues="true" minDecimals="0" maxDecimals="2" visibilityCondition="" title="@localized"></numberinput>
				<numberinput elementID="numberinput7" isPictureAllowed="false" internal="false" reportViewSettingsEnabled="false" readOnly="false" required="true" min="0" max="20" type="float" allowOutOfRangeValues="true" minDecimals="0" maxDecimals="2" visibilityCondition="" title="@localized"></numberinput>
				<numberinput elementID="numberinput6" isPictureAllowed="false" internal="false" reportViewSettingsEnabled="false" readOnly="false" required="true" min="0" max="20" type="float" allowOutOfRangeValues="true" minDecimals="0" maxDecimals="2" visibilityCondition="" title="@localized"></numberinput>
			</chapter>
		</chapter>
		<chapter elementID="chapter_3" internal="false" visibilityCondition="boolinput1 = true" reportViewSettingsEnabled="false" fontColor="151929" name="@localized">
			<dropdown elementID="dropdown2" internal="false" visibilityCondition="" reportViewSettingsEnabled="false" fontColor="151929" readOnly="false" required="false" title="@localized" isPictureAllowed="false">
				<option elementID="dropdown2option1" internal="false" readOnly="false" visibilityCondition="" reportViewSettingsEnabled="false">@localized</option>
				<option elementID="dropdown2option2" internal="false" readOnly="false" visibilityCondition="" reportViewSettingsEnabled="false">@localized</option>
			</dropdown>
			<textinput elementID="textinput8" isPictureAllowed="true" required="true" internal="false" reportViewSettingsEnabled="false" readOnly="false" multiline="false" allowBarcode="false" visibilityCondition="dropdown2 = 1" title="@localized"></textinput>
			<signature elementID="signature1" internal="false" readOnly="false" visibilityCondition="" reportViewSettingsEnabled="false" title="@localized" required="true" isPictureAllowed="false">@localized</signature>
			<textinput elementID="textinput9" isPictureAllowed="true" required="false" internal="false" reportViewSettingsEnabled="false" readOnly="false" multiline="false" allowBarcode="false" visibilityCondition="" title="@localized"></textinput>
		</chapter>
	</chapters>
</checklistTemplate>