<?xml version="1.0" encoding="UTF-8" standalone="no"?>
<translations language="en">
<string key="chapter_1.safetyLabel1.title">Personal protective equipment</string>
<string key="chapter_1.safetyLabel1.value">Safety glasses and hearing protection is mandatory for this work - </string>
<string key="chapter_1.attachment1.title">Maintenance instruction</string>
<string key="chapter_1.boolinput1.title">Please confirm that you have read and understood the maintenance description for this equipment</string>
<string key="chapter_1.name">Safety and Job details</string>
<string key="chapter_2.label1.value">Check and identify your measurement equipment befor starting your work</string>
<string key="chapter_2.textinput1.title">Serial number of used measurement equipment</string>
<string key="chapter_2.textinput1.value"></string>
<string key="chapter_2.dropdown1.dropdown1option1.value">Manual caliper</string>
<string key="chapter_2.dropdown1.dropdown1option2.value">Digital caliper</string>
<string key="chapter_2.dropdown1.dropdown1option3.value">Steel ruler</string>
<string key="chapter_2.dropdown1.title">Type of measurement equipment</string>
<string key="chapter_2.attachment2.title">Measurement overview</string>
<string key="chapter_2.chapter_2_1.numberinput1.title">Position A [mm]</string>
<string key="chapter_2.chapter_2_1.numberinput4.title">Position B [mm]</string>
<string key="chapter_2.chapter_2_1.numberinput3.title">Position C [mm]</string>
<string key="chapter_2.chapter_2_1.numberinput2.title">Position D [mm]</string>
<string key="chapter_2.chapter_2_1.name">Top row</string>
<string key="chapter_2.chapter_2_2.numberinput5.title">Position A [mm]</string>
<string key="chapter_2.chapter_2_2.numberinput8.title">Position B [mm]</string>
<string key="chapter_2.chapter_2_2.numberinput7.title">Position C [mm]</string>
<string key="chapter_2.chapter_2_2.numberinput6.title">Position D [mm]</string>
<string key="chapter_2.chapter_2_2.name">Bottom row</string>
<string key="chapter_2.name">Measurements </string>
<string key="chapter_3.dropdown2.dropdown2option1.value">All values are within the limits - the Equipment is ok</string>
<string key="chapter_3.dropdown2.dropdown2option2.value">Equipment is outside the specified limits</string>
<string key="chapter_3.dropdown2.title">Conclusion</string>
<string key="chapter_3.textinput8.title">Required actions</string>
<string key="chapter_3.textinput8.value"></string>
<string key="chapter_3.signature1.title">Customer signature</string>
<string key="chapter_3.textinput9.title">Internal feedback</string>
<string key="chapter_3.textinput9.value"></string>
<string key="chapter_3.name">Conclusion, feedback and signoff</string>
</translations>