[ {
  "name" : "monitoring",
  "value" : "{}"
}, {
  "name" : "userPerson",
  "value" : "{}"
}, {
  "name" : "lastChanged",
  "value" : "1685701168177"
}, {
  "name" : "checklistDesigner",
  "value" : "{}"
}, {
  "name" : "projectManagement",
  "value" : "{}"
}, {
  "name" : "timeMaterialJournal",
  "value" : "{}"
}, {
  "name" : "CoreSystems.IsMergeLeaderOnSite",
  "value" : "true"
}, {
  "name" : "SAP.FSM.WFM.FsmActivity.Disabled",
  "value" : "true"
}, {
  "name" : "SAP.FSM.WFM.SpanActivitiesConfig",
  "value" : "{\"version\":5,\"selectedStrategy\":\"manual\",\"strategies\":[{\"name\":\"manual\",\"type\":\"MANUAL\",\"properties\":[]},{\"name\":\"auto\",\"type\":\"AUTOMATIC\",\"properties\":[{\"key\":\"WFM_OVER_TIME_IN_MINUTES\",\"value\":\"120\"},{\"key\":\"WFM_PLANNING_HORIZON_IN_DAYS\",\"value\":\"30\"},{\"key\":\"WFM_PLANNED_DURATION_TYPE_FOR_WFM_CREATED_ACTIVITIES\",\"value\":\"MANUAL\"}]}]}"
}, {
  "name" : "CoreSystems.CopyTerritory.Enabled",
  "value" : "false"
}, {
  "name" : "CoreSystems.CoresystemsFSM.Global",
  "value" : "{\"dateTimeFormats\":{\"DATE\":{\"LONG\":\"MM/DD/YYYY\",\"MEDIUM\":\"MM/DD/YY\",\"SHORT\":\"M/D/YY\"},\"YEAR\":{\"LONG\":\"YYYY\",\"MEDIUM\":\"YY\",\"SHORT\":\"YY\"},\"MONTH\":{\"LONG\":\"MM\",\"MEDIUM\":\"MM\",\"SHORT\":\"M\"},\"DAY\":{\"LONG\":\"D\",\"MEDIUM\":\"DD\",\"SHORT\":\"D\"},\"TIME\":{\"LONG\":\"h:mm a\",\"MEDIUM\":\"h:mm a\",\"SHORT\":\"h:mm a\"},\"HOUR\":{\"LONG\":\"h\",\"MEDIUM\":\"h\",\"SHORT\":\"h\"},\"MINUTE\":{\"LONG\":\"mm\",\"MEDIUM\":\"mm\",\"SHORT\":\"mm\"}},\"firstDayOfWeek\":\"MO\"}"
}, {
  "name" : "CoreSystems.FSM.Connector.Enabled",
  "value" : "true"
}, {
  "name" : "CoreSystems.FSM.StandaloneCompany",
  "value" : "true"
}, {
  "name" : "CoreSystems.Location.Tracking.Enabled",
  "value" : "2"
}, {
  "name" : "CoreSystems.ServiceContract.NumOfDays",
  "value" : "3"
}, {
  "name" : "SAP.FSM.WFM.SupportingPersons.Enabled",
  "value" : "true"
}, {
  "name" : "SAP.FSM.WFM.AllowAutomatedScheduleFill",
  "value" : "true"
}, {
  "name" : "CoreSystems.Assignment.IsWorkflowDriven",
  "value" : "true"
}, {
  "name" : "SAP.FSM.WFM.Crew.AllowPlanningWithCrews",
  "value" : "false"
}, {
  "name" : "SAP.FSM.WFM.HolidayCalendar.HalfDayTime",
  "value" : "12"
}, {
  "name" : "SAP.FSM.WFM.PlanningScenarios.Mandatory",
  "value" : "false"
}, {
  "name" : "SAP.FSM.WFM.Team.AllowPlanningWithTeams",
  "value" : "true"
}, {
  "name" : "SAP.FSM.WFM.UnassignReassignWithoutCopy",
  "value" : "false"
}, {
  "name" : "CoreSystems.CoresystemsFSM.Crowd.enabled",
  "value" : "false"
}, {
  "name" : "CoreSystems.ObjectsSupportingAttachments",
  "value" : "[\"ACTIVITY\",\"CHECKLISTINSTANCE\",\"SERVICECALL\",\"SALESORDER\",\"EQUIPMENT\",\"BUSINESSPARTNER\"]"
}, {
  "name" : "SAP.FSM.WFM.ServiceCallSidebar.IsEnabled",
  "value" : "false"
}, {
  "name" : "SAP.FSM.WFM.groupingOptionDisplaySetting",
  "value" : "PARALLEL_GROUPING"
}, {
  "name" : "SAP.FSM.WFM.technicianNameDisplaySetting",
  "value" : "FIRST_NAME_SUR_NAME"
}, {
  "name" : "SAP.FSM.WFM.PlanningCanvas.PixelRendering",
  "value" : "false"
}, {
  "name" : "CoreSystems.CoresystemsFSM.ResourcePlanner",
  "value" : "{\"boardSnapIntervalInMinutes\":1,\"allowOverlappingAssignments\":true,\"defaultTravelTimeToInMinutes\":0,\"defaultTravelTimeFromInMinutes\":0,\"DefaultServiceCallOrigin\":\"-1\",\"DefaultServiceCallType\":\"-1\",\"DefaultServiceCallProblemType\":\"-3\",\"DefaultServiceCallPriority\":\"MEDIUM\",\"DefaultEnableAutoscheduling\":true,\"DefaultServiceCallStatus\":\"-2\",\"MultipleActivitiesDropType\":\"GROUP\",\"ServiceCallDefaultResponsible\":\"Creating person\"}"
}, {
  "name" : "CoreSystems.CoresystemsFSM.Crowd.maxRetries",
  "value" : "3"
}, {
  "name" : "CoreSystems.ResourcePlanner.TimezoneDefault",
  "value" : "America/New_York"
}, {
  "name" : "SAP.FSM.WFM.FsmServiceCallListItem.Disabled",
  "value" : "true"
}, {
  "name" : "CoreSystems.CoresystemsFSM.Crowd.useRealTime",
  "value" : "false"
}, {
  "name" : "CoreSystems.IsShortLocalesListFeatureEnabled",
  "value" : "false"
}, {
  "name" : "CoreSystems.FeatureFlag.WFM.ModalForm.Enabled",
  "value" : "false"
}, {
  "name" : "CoreSystems.Feedback.AllowEditingBeforeFinish",
  "value" : "true"
}, {
  "name" : "CoreSystems.IWL.PreventZeroGeneration.Enabled",
  "value" : "true"
}, {
  "name" : "CoreSystems.Optimization.EnablePlanningWidget",
  "value" : "false"
}, {
  "name" : "CoreSystems.CoresystemsFSM.Crowd.rejectEnabled",
  "value" : "true"
}, {
  "name" : "CoreSystems.ResourcePlanner.TimezonesAvailable",
  "value" : "Europe/Berlin,America/New_York,America/Los_Angeles"
}, {
  "name" : "CoreSystems.Optimization.AllowPlannedJobOverlap",
  "value" : "true"
}, {
  "name" : "CoreSystems.Optimization.EnableRealTimeLocation",
  "value" : "true"
}, {
  "name" : "SAP.FSM.WFM.AllowAutomatedScheduleRearrangement",
  "value" : "true"
}, {
  "name" : "SAP.FSM.WFM.FsmPersonPlanningBoardItem.Disabled",
  "value" : "true"
}, {
  "name" : "CoreSystems.CoresystemsFSM.Tool.Reservation.Type",
  "value" : "FSM"
}, {
  "name" : "CoreSystems.CheckoutService.SecondReportOnClosing",
  "value" : "false"
}, {
  "name" : "CoreSystems.CoresystemsFSM.Crowd.minimumQueueSize",
  "value" : "2"
}, {
  "name" : "CoreSystems.ResourcePlanner.IsLeaderOnSiteEnabled",
  "value" : "true"
}, {
  "name" : "CoreSystems.CoresystemsFSM.Crowd.onScheduleRelease",
  "value" : "false"
}, {
  "name" : "CoreSystems.ResourcePlanner.IsLeaderOnSiteOptional",
  "value" : "true"
}, {
  "name" : "CoreSystems.ShowUnconfirmedActivities.OnHomeScreen",
  "value" : "true"
}, {
  "name" : "CoreSystems.CoresystemsFSM.Tool.Reservation.Enabled",
  "value" : "true"
}, {
  "name" : "CoreSystems.FSM.Api.Pagination.Ignore.Limit.Enabled",
  "value" : "false"
}, {
  "name" : "CoreSystems.FeatureFlag.WFM.NewActivityList.Enabled",
  "value" : "false"
}, {
  "name" : "CoreSystems.Checklist.GenerateOfflineChecklistReport",
  "value" : "true"
}, {
  "name" : "CoreSystems.CoresystemsFSM.Crowd.timeIntervalSeconds",
  "value" : "45"
}, {
  "name" : "CoreSystems.CreateAssignmentWhenNoTechnician.Enabled",
  "value" : "false"
}, {
  "name" : "CoreSystems.ResourcePlanner.minimumAssignmentDuration",
  "value" : "30"
}, {
  "name" : "CoreSystems.ResourcePlanner.AllowEditOfClosedAssignments",
  "value" : "false"
}, {
  "name" : "CoreSystems.ResourcePlanner.ServiceCallTypeColorMappings",
  "value" : "28BDF9B7-99E0-4DF2-AD76-4F82E72F0EE9--#7ca10c||7FDD3463-3597-4DB7-8E5F-28E886418941--#647987||9269D748-D451-4697-849A-4A5FBA48A40C--#d08014||D632A209-16EA-4BFA-B393-F394270350AE--#db1f77||EA1EC558-0AAB-4C8B-B559-035F8500F56E--#286eb4"
}, {
  "name" : "CoreSystems.CoresystemsFSM.Crowd.acceptanceTimeoutSeconds",
  "value" : "1800"
}, {
  "name" : "CoreSystems.Optimization.RealTimeLocationThresholdInMinutes",
  "value" : "60"
}, {
  "name" : "CoreSystems.CoresystemsFSM.Crowd.numberRetriesAfterRejection",
  "value" : "3"
}, {
  "name" : "CoreSystems.CoresystemsFSM.Crowd.scheduleOnlyServicePartners",
  "value" : "false"
}, {
  "name" : "CoreSystems.CoresystemsFSM.PlanningBoard.IgnoreElasticSearch",
  "value" : "false"
}, {
  "name" : "CoreSystems.CoresystemsFSM.Crowd.notificationOnDispatchFailed",
  "value" : "true"
}, {
  "name" : "CoreSystems.CheckoutService.AllowCheckoutBeforeActivityIsSynced",
  "value" : "true"
}, {
  "name" : "CoreSystems.CoresystemsFSM.Crowd.notificationOnDispatchFinished",
  "value" : "false"
}, {
  "name" : "CoreSystems.CoresystemsFSM.Crowd.realTimeUpdateThresholdSeconds",
  "value" : "300"
}, {
  "name" : "CoreSystems.ResourcePanner.ServiceCallStatusForCancelledMapping",
  "value" : "-4"
}, {
  "name" : "CoreSystems.ResourcePlanner.ServiceCallStatusForEmmeLockMapping",
  "value" : "-3"
}, {
  "name" : "CoreSystems.ResourcePlanner.ServiceCallStatusForCancelledMapping",
  "value" : "-4"
}, {
  "name" : "CoreSystems.ResourcePlanner.ServiceCallStatusForReadyToPlanMapping",
  "value" : "-2"
}, {
  "name" : "CoreSystems.ResourcePlanner.IsAutomaticallyAssignTechniciansEnabled",
  "value" : "false"
}, {
  "name" : "CoreSystems.CoresystemsFSM.Crowd.notificationOnServicePartnerAccepted",
  "value" : "false"
}, {
  "name" : "CoreSystems.CoresystemsFSM.Crowd.notificationOnServicePartnerRejected",
  "value" : "true"
}, {
  "name" : "CoreSystems.CoresystemsFSM.Mobile.PushNotifications.EMMEChanges.Enabled",
  "value" : "true"
}, {
  "name" : "CoreSystems.ResourcePlanner.ServiceCallStatusForTechnicallyCompleteMapping",
  "value" : "-3"
}, {
  "name" : "CoreSystems.CoresystemsFSM.Mobile.PushNotifications.ActivityChanges.Enabled",
  "value" : "true"
}, {
  "name" : "CoreSystems.CoresystemsFSM.Tool.Reservation.AttemptToolBookingWhenReleasing",
  "value" : "false"
}, {
  "name" : "CoreSystems.CoresystemsFSM.Tool.Reservation.AlertWhenReleasingActivityWithToolsNotReserved",
  "value" : "true"
} ]