[ {
  "code" : "TRAINING_basic_workflow",
  "defaultServiceWorkflow" : false,
  "lastChanged" : 1685704021045,
  "serviceWorkflowSteps" : [ {
    "changeable" : false,
    "color" : null,
    "description" : null,
    "effortType" : "NONE",
    "icon" : null,
    "id" : "DBFFFC710E1342FA8AA81D23FF2FABF6",
    "name" : "new",
    "nameTranslations" : { },
    "nextAlternativeStep" : null,
    "nextMainStep" : "68A07916C7534FC283457B4B76B6E906",
    "nextSteps" : [ "68A07916C7534FC283457B4B76B6E906" ],
    "ordinal" : 0,
    "personStatusType" : null,
    "previewReport" : null,
    "reportTemplates" : [ ],
    "requiresSignature" : null,
    "screenType" : null,
    "text" : null,
    "timeTask" : null,
    "timeSubTask" : null,
    "workFinished" : false,
    "workTimeTask" : null,
    "checklistCategoryName" : null,
    "checklistTemplateName" : null,
    "checklistTemplateTag" : null,
    "checklistTemplateVersion" : null,
    "configuration" : null,
    "checklistTemplate" : null
  }, {
    "changeable" : false,
    "color" : "#2f5280",
    "description" : "accepting activity",
    "effortType" : "NONE",
    "icon" : "radio_button_checked",
    "id" : "68A07916C7534FC283457B4B76B6E906",
    "name" : "accept",
    "nameTranslations" : { },
    "nextAlternativeStep" : "A4C878DF71A14219B1C3C4BCA8905BCF",
    "nextMainStep" : "E6C4769E8D654FA782176AA0ADB701E7",
    "nextSteps" : [ "E6C4769E8D654FA782176AA0ADB701E7", "A4C878DF71A14219B1C3C4BCA8905BCF" ],
    "ordinal" : 1,
    "personStatusType" : "AVAILABLE",
    "previewReport" : null,
    "reportTemplates" : [ ],
    "requiresSignature" : null,
    "screenType" : "NONE",
    "text" : null,
    "timeTask" : null,
    "timeSubTask" : null,
    "workFinished" : false,
    "workTimeTask" : null,
    "checklistCategoryName" : null,
    "checklistTemplateName" : null,
    "checklistTemplateTag" : null,
    "checklistTemplateVersion" : null,
    "configuration" : null,
    "checklistTemplate" : null
  }, {
    "changeable" : false,
    "color" : "#2f5280",
    "description" : "travelling to customer",
    "effortType" : "NONE",
    "icon" : "directions_car",
    "id" : "E6C4769E8D654FA782176AA0ADB701E7",
    "name" : "travel",
    "nameTranslations" : { },
    "nextAlternativeStep" : null,
    "nextMainStep" : "A4C878DF71A14219B1C3C4BCA8905BCF",
    "nextSteps" : [ "A4C878DF71A14219B1C3C4BCA8905BCF" ],
    "ordinal" : 2,
    "personStatusType" : "ERRAND",
    "previewReport" : null,
    "reportTemplates" : [ ],
    "requiresSignature" : null,
    "screenType" : "NONE",
    "text" : null,
    "timeTask" : null,
    "timeSubTask" : null,
    "workFinished" : false,
    "workTimeTask" : null,
    "checklistCategoryName" : null,
    "checklistTemplateName" : null,
    "checklistTemplateTag" : null,
    "checklistTemplateVersion" : null,
    "configuration" : null,
    "checklistTemplate" : null
  }, {
    "changeable" : false,
    "color" : "#2f5280",
    "description" : "working",
    "effortType" : "NONE",
    "icon" : "build",
    "id" : "A4C878DF71A14219B1C3C4BCA8905BCF",
    "name" : "work",
    "nameTranslations" : { },
    "nextAlternativeStep" : null,
    "nextMainStep" : "FF8A2C2C90344D29AE9D8341401332CF",
    "nextSteps" : [ "FF8A2C2C90344D29AE9D8341401332CF" ],
    "ordinal" : 3,
    "personStatusType" : "BUSY",
    "previewReport" : null,
    "reportTemplates" : [ ],
    "requiresSignature" : null,
    "screenType" : "NONE",
    "text" : null,
    "timeTask" : null,
    "timeSubTask" : null,
    "workFinished" : false,
    "workTimeTask" : null,
    "checklistCategoryName" : null,
    "checklistTemplateName" : null,
    "checklistTemplateTag" : null,
    "checklistTemplateVersion" : null,
    "configuration" : null,
    "checklistTemplate" : null
  }, {
    "changeable" : false,
    "color" : "#2f5280",
    "description" : "checking out",
    "effortType" : "NONE",
    "icon" : "shopping_cart",
    "id" : "FF8A2C2C90344D29AE9D8341401332CF",
    "name" : "checkout",
    "nameTranslations" : { },
    "nextAlternativeStep" : null,
    "nextMainStep" : "29B516661F2C439AACA4AD217D5D5DCD",
    "nextSteps" : [ "29B516661F2C439AACA4AD217D5D5DCD" ],
    "ordinal" : 4,
    "personStatusType" : "AVAILABLE",
    "previewReport" : true,
    "reportTemplates" : [ ],
    "requiresSignature" : true,
    "screenType" : "SUMMARY_SCREEN",
    "text" : null,
    "timeTask" : null,
    "timeSubTask" : null,
    "workFinished" : false,
    "workTimeTask" : null,
    "checklistCategoryName" : null,
    "checklistTemplateName" : null,
    "checklistTemplateTag" : null,
    "checklistTemplateVersion" : null,
    "configuration" : null,
    "checklistTemplate" : null
  }, {
    "changeable" : false,
    "color" : "#2f5280",
    "description" : null,
    "effortType" : "NONE",
    "icon" : "flag",
    "id" : "29B516661F2C439AACA4AD217D5D5DCD",
    "name" : "close",
    "nameTranslations" : { },
    "nextAlternativeStep" : null,
    "nextMainStep" : null,
    "nextSteps" : [ ],
    "ordinal" : 5,
    "personStatusType" : "AVAILABLE",
    "previewReport" : null,
    "reportTemplates" : [ ],
    "requiresSignature" : null,
    "screenType" : "NONE",
    "text" : null,
    "timeTask" : null,
    "timeSubTask" : null,
    "workFinished" : true,
    "workTimeTask" : null,
    "checklistCategoryName" : null,
    "checklistTemplateName" : null,
    "checklistTemplateTag" : null,
    "checklistTemplateVersion" : null,
    "configuration" : null,
    "checklistTemplate" : null
  } ]
} ]